model,split,accuracy,roc_auc,f1,precision,recall,log_loss,brier_score,train_seconds,predict_seconds
baseline_most_frequent,test,0.6430250655287346,0.5,0.7827331171260075,0.6430250655287346,1.0,12.866680806685096,0.35697493447126544,0.02956550000817515,0.009023874998092651
logistic_regression,test,0.7287848988722352,0.7838009914491284,0.8021218336550685,0.7555073435867302,0.8548667584528488,0.5329332402806074,0.17907513402219363,135.19573554198723,4.998978707997594
linear_svm,test,0.7263296194921958,0.7796980621554142,0.7983907509779248,0.7585052448539458,0.8427037825733793,,,2.183083917014301,4.78365312499227
decision_tree,test,0.7244611871754758,0.7755024734372975,0.7935599822315161,0.7656433588249186,0.823589414690598,0.5957633220811583,0.1812760086447378,1.7650052499957383,3.4422734999971
random_forest,test,0.7210671541597827,0.7760115821381681,0.7996887753476476,0.7428990611907729,0.8658795322040915,0.5399458145672681,0.18205188665806724,4.58000712498324,8.443762624985538
gradient_boosting,test,0.7263911275177327,0.7776465650448723,0.7977405897037021,0.7602486236902859,0.8391222397501075,0.536474832344378,0.18067256672061627,42.21150937501807,6.685344208002789
neural_network_mlp,test,0.7300800965575168,0.7848818231909249,0.7958752682711272,0.7746234372506745,0.818326083479428,0.528391588625132,0.17791283709041714,6.141042375005782,1.1138604579900857
gaussian_naive_bayes,test,0.633350155610263,0.5388414344723018,0.771043500736855,0.6441902268861898,0.9601067249582101,0.6703214989535632,0.23291272982338446,0.5529264580109157,3.8305347909918055
