field,missing_share,missing_count
AnswerId,3.529147226947358e-07,7
DateAnswered,0.0,0
Confidence,0.9050814678429147,17952128
GroupId,0.0,0
QuizId,0.0,0
SchemeOfWorkId,0.5096058345878611,10107940
