answer_value,selected_count,correct_answer_count,wrong_selected_count,selected_share,wrong_selected_share
1,3824488,3863458,1358220,0.2410211843444449,0.2397305427428745
2,4153173,4004091,1528629,0.26173508068200796,0.2698083225269084
3,4196859,4161981,1483886,0.2644881946829596,0.26191102777793956
4,3693330,3838320,1294876,0.23275554029058756,0.2285501069522775
